<?xml version="1.0" encoding="utf-8" standalone="yes"?>
<rss version="2.0" xmlns:atom="http://www.w3.org/2005/Atom">
  <channel>
    <title>Portfolio website for Tong Wu</title>
    <link>https://laughing-roentgen-e0fc05.netlify.app/</link>
    <description>Recent content on Portfolio website for Tong Wu</description>
    <generator>Hugo -- gohugo.io</generator>
    <language>en-us</language>
    <lastBuildDate>Sat, 17 Oct 2020 00:00:00 +0000</lastBuildDate><atom:link href="https://laughing-roentgen-e0fc05.netlify.app/index.xml" rel="self" type="application/rss+xml" />
    <item>
      <title>Trump</title>
      <link>https://laughing-roentgen-e0fc05.netlify.app/post/trump/</link>
      <pubDate>Sat, 17 Oct 2020 00:00:00 +0000</pubDate>
      
      <guid>https://laughing-roentgen-e0fc05.netlify.app/post/trump/</guid>
      <description></description>
    </item>
    
    <item>
      <title>biden</title>
      <link>https://laughing-roentgen-e0fc05.netlify.app/blogs/biden/</link>
      <pubDate>Mon, 01 Jan 0001 00:00:00 +0000</pubDate>
      
      <guid>https://laughing-roentgen-e0fc05.netlify.app/blogs/biden/</guid>
      <description>Joe BidenFormer Vice President of the United StatesJoseph Robinette Biden Jr. is an American politician who served as the 47th vice president of the United States from 2009 to 2017. A member of the Democratic Party, he served as a United States Senator for Delaware from 1973 to 2009. Biden is the Democratic presidential nominee for the 2020 election, running against the incumbent, President Donald Trump.
</description>
    </item>
    
    <item>
      <title>Hillary</title>
      <link>https://laughing-roentgen-e0fc05.netlify.app/blogs/hillary/</link>
      <pubDate>Mon, 01 Jan 0001 00:00:00 +0000</pubDate>
      
      <guid>https://laughing-roentgen-e0fc05.netlify.app/blogs/hillary/</guid>
      <description>Hillary ClintonAmerican PoliticianHillary Diane Rodham Clinton is an American politician, diplomat, lawyer, writer, and public speaker who served as the 67th United States secretary of state from 2009 to 2013, as a United States senator from New York from 2001 to 2009, and as First Lady of the United States from 1993 to 2001. Clinton became the first woman to be nominated for president of the United States by a major political party when she won the Democratic Party nomination in 2016.</description>
    </item>
    
    <item>
      <title>Obama</title>
      <link>https://laughing-roentgen-e0fc05.netlify.app/blogs/obama/</link>
      <pubDate>Mon, 01 Jan 0001 00:00:00 +0000</pubDate>
      
      <guid>https://laughing-roentgen-e0fc05.netlify.app/blogs/obama/</guid>
      <description>Barack Obama44th President of the United StatesBarack Hussein Obama II is an American politician and attorney who served as the 44th president of the United States from 2009 to 2017. A member of the Democratic Party, Obama was the first African-American president of the United States. He previously served as a U.S. senator from Illinois from 2005 to 2008 and an Illinois state senator from 1997 to 2004.</description>
    </item>
    
    <item>
      <title>Project 1</title>
      <link>https://laughing-roentgen-e0fc05.netlify.app/projects/project1/</link>
      <pubDate>Mon, 01 Jan 0001 00:00:00 +0000</pubDate>
      
      <guid>https://laughing-roentgen-e0fc05.netlify.app/projects/project1/</guid>
      <description>R MarkdownThis is an R Markdown document. Markdown is a simple formatting syntax for authoring HTML, PDF, and MS Word documents. For more details on using R Markdown see http://rmarkdown.rstudio.com.
When you click the Knit button a document will be generated that includes both content as well as the output of any embedded R code chunks within the document. You can embed an R code chunk like this:</description>
    </item>
    
    <item>
      <title>Trump</title>
      <link>https://laughing-roentgen-e0fc05.netlify.app/blogs/trump/</link>
      <pubDate>Mon, 01 Jan 0001 00:00:00 +0000</pubDate>
      
      <guid>https://laughing-roentgen-e0fc05.netlify.app/blogs/trump/</guid>
      <description>Donald TrumpPresident of the United StatesDonald John Trump is the 45th and current president of the United States. Before entering politics, he was a businessman and television personality. Born and raised in Queens, New York City, Trump attended Fordham University for two years and received a bachelor’s degree in economics from the Wharton School of the University of Pennsylvania. He became president of his father’s real estate business in 1971, renamed it The Trump Organization, and expanded its operations to building or renovating skyscrapers, hotels, casinos, and golf courses.</description>
    </item>
    
  </channel>
</rss>
