<?xml version="1.0" encoding="utf-8" standalone="yes"?>
<rss version="2.0" xmlns:atom="http://www.w3.org/2005/Atom">
  <channel>
    <title>Projects on Portfolio website for Tong Wu</title>
    <link>https://laughing-roentgen-e0fc05.netlify.app/projects/</link>
    <description>Recent content in Projects on Portfolio website for Tong Wu</description>
    <generator>Hugo -- gohugo.io</generator>
    <language>en-us</language><atom:link href="https://laughing-roentgen-e0fc05.netlify.app/projects/index.xml" rel="self" type="application/rss+xml" />
    <item>
      <title>Project 1</title>
      <link>https://laughing-roentgen-e0fc05.netlify.app/projects/project1/</link>
      <pubDate>Mon, 01 Jan 0001 00:00:00 +0000</pubDate>
      
      <guid>https://laughing-roentgen-e0fc05.netlify.app/projects/project1/</guid>
      <description>R MarkdownThis is an R Markdown document. Markdown is a simple formatting syntax for authoring HTML, PDF, and MS Word documents. For more details on using R Markdown see http://rmarkdown.rstudio.com.
When you click the Knit button a document will be generated that includes both content as well as the output of any embedded R code chunks within the document. You can embed an R code chunk like this:</description>
    </item>
    
  </channel>
</rss>
