<?xml version="1.0" encoding="utf-8" standalone="yes"?>
<rss version="2.0" xmlns:atom="http://www.w3.org/2005/Atom">
  <channel>
    <title>Categories on Portfolio website for Tong Wu</title>
    <link>https://laughing-roentgen-e0fc05.netlify.app/categories/</link>
    <description>Recent content in Categories on Portfolio website for Tong Wu</description>
    <generator>Hugo -- gohugo.io</generator>
    <language>en-us</language><atom:link href="https://laughing-roentgen-e0fc05.netlify.app/categories/index.xml" rel="self" type="application/rss+xml" />
  </channel>
</rss>
